code,betfair_name,aliases
AP,Albion Park,Albion|AP
RE,Redcliffe,Redcliffe Paceway
GP,Gloucester Park,Gloucester
BU,Bunbury,Bunbury Trotting
NA,Northam,Northam Harness
PI,Pinjarra,Pinjarra Park
BY,Byford,Byford Trotting
MX,Melton,Tabcorp Park Melton|Melton Trots|ME
GE,Geelong,Geelong Harness
BE,Bendigo,Bendigo Harness
BA,Ballarat,Ballarat Harness
SH,Shepparton,Shepparton Harness
CR,Cranbourne,Cranbourne Harness
KM,Kilmore,Kilmore Harness
MY,Maryborough,Maryborough Harness
TE,Terang,Terang Harness
CH,Charlton,Charlton Harness
MI,Mildura,Mildura Harness
SW,Swan Hill,Swan Hill Harness
EC,Echuca,Echuca Harness
CB,Cobram,Cobram Harness
YV,Yarra Valley,Yarra Valley Harness
ST,Stawell,Stawell Harness
AR,Ararat,Ararat Harness
HA,Hamilton,Hamilton Harness
PC,Menangle,Tabcorp Park Menangle|Menangle Park|MB|Nswhrc at Menangle
NC,Newcastle,Newcastle Harness
BH,Bathurst,Bathurst Harness|Bathurst Paceway
PN,Penrith,Penrith Harness|Penrith Paceway
BK,Bankstown,Bankstown Paceway|Bankstown Harness
DB,Dubbo,Dubbo Harness
WG,Wagga,Wagga Harness|Wagga Wagga
YO,Young,Young Harness
TM,Tamworth,Tamworth Harness
GO,Goulburn,Goulburn Harness
PK,Parkes,Parkes Harness
OR,Orange,Orange Harness
LE,Leeton,Leeton Harness
FO,Forbes,Forbes Harness
GD,Globe Derby Park,Globe Derby|Globe Derby Park
PP,Port Pirie,Port Pirie Harness
MU,Murray Bridge,Murray Bridge Harness
HO,Hobart,Hobart Harness|Elwick
LA,Launceston,Launceston Harness
DV,Devonport,Devonport Harness
MA,Marburg,Marburg Harness
RO,Rockhampton,Rockhampton Harness
