year,player,votes
2023,Lachie Neale,31
2023,Marcus Bontempelli,29
2023,Nick Daicos,28
2023,Zak Butters,27
2023,Errol Gulden,27
2023,Christian Petracca,26
2023,Jack Viney,24
2023,Caleb Serong,24
2023,Noah Anderson,22
2023,Patrick Cripps,22
2023,Jack Sinclair,21
2023,Connor Rozee,21
2023,Toby Greene,20
2023,Jordan Dawson,20
2023,Rory Laird,20
2023,Tim Taranto,19
2023,Jai Newcombe,18
2023,Brad Crouch,18
2023,Charlie Curnow,17
2023,Zach Merrett,17
2023,Tom Liberatore,17
2023,Taylor Walker,16
2023,Jason Horne-Francis,16
2023,Tom Green,16
2023,Chad Warner,16
2023,Darcy Parish,15
2023,Jack Steele,15
2023,Shai Bolton,14
2023,Luke Davies-Uniacke,13
2023,Jeremy Cameron,13
2023,Tom Mitchell,12
2023,James Sicily,12
2023,Matt Rowell,12
2023,Patrick Dangerfield,12
2023,Joe Daniher,12
2023,Tim English,11
2023,James Worpel,11
2023,Tim Kelly,11
2023,Nic Martin,10
2023,Will Ashcroft,10
2023,Stephen Coniglio,10
2023,Luke Parker,10
2023,Andrew Brayshaw,10
2023,Harris Andrews,8
2023,Jordan de Goey,8
2023,Dustin Martin,8
2023,Will Day,8
2023,Charlie Cameron,8
2023,Jack Lukosius,8
2023,Josh Daicos,8
2023,Josh Kelly,8
2023,Dan Houston,7
2023,Tom Hawkins,7
2023,Izak Rankine,7
2023,Nick Larkey,7
2023,Max Gawn,7
2023,Ben King,7
2023,Sam Docherty,7
2023,Dom Sheed,6
2023,Lachie Schultz,6
2023,Tom Stewart,6
2023,Jacob Weitering,6
2023,Dion Prestia,6
2023,Jeremy Finlayson,6
2023,Clayton Oliver,6
2023,Noah Balta,6
2023,Luke Ryan,6
2023,Luke Jackson,6
2023,Scott Pendlebury,6
2023,Tarryn Thomas,5
2023,Jamie Elliott,5
2023,Max King,5
2023,Taylor Adams,5
2023,Brody Mihocek,5
2023,Sam Walsh,5
2023,Zac Bailey,5
2023,Nick Blakey,5
2023,Jamarra Ugle-Hagan,5
2023,Hayden Young,5
2023,George Hewett,5
2023,Daniel Rioli,5
2023,Lachie Whitfield,5
2023,Angus Brayshaw,4
2023,Bailey Scott,4
2023,Bailey Smith,4
2023,Josh Dunkley,4
2023,Tom Papley,4
2023,Joel Amartey,4
2023,Nasiah Wanganeen-Milera,4
2023,Adam Treloar,4
2023,Bayley Fritsch,4
2023,Jamie Cripps,3
2023,Jesse Hogan,3
2023,Hugh McCluggage,3
2023,Nic Newman,3
2023,Touk Miller,3
2023,Alex Pearce,3
2023,Sam Taylor,3
2023,Steven May,3
2023,Jack Gunston,3
2023,Liam Henry,3
2023,Mason Cox,3
2023,Brad Close,3
2023,Andrew Phillips,3
2023,Jamaine Jones,3
2023,Adam Saad,3
2023,Callum Mills,3
2023,Lachie Hunter,3
2023,Blake Acres,3
2023,Aliir Aliir,3
2023,Callan Ward,3
2023,Bailey Dale,3
2023,Reilly OBrien,3
2023,Darcy Fogarty,3
2023,Jake Stringer,3
2023,Liam Baker,3
2023,Jack Higgins,3
2023,Kyle Langford,3
2023,Steele Sidebottom,3
2023,Charlie Dixon,3
2023,Darcy Moore,3
2023,Keidean Coleman,3
2023,Rowan Marshall,3
2023,Mark Blicavs,3
2023,Harry Sheezel,3
2023,Jack Crisp,2
2023,Jake Melksham,2
2023,Gryan Miers,2
2023,Harry Petty,2
2023,Jack Silvagni,2
2023,Tyson Stengle,2
2023,Isaac Quaynor,2
2023,Luke Shuey,2
2023,Brayden Fiorini,2
2023,Isaac Heeney,2
2023,Cody Weightman,2
2023,Trent Cotchin,2
2023,Jake Riccardi,2
2023,Peter Wright,2
2023,Cameron Zurhaar,2
2023,Caleb Daniel,2
2023,Ben Keays,2
2023,Jack Ziebell,2
2023,Kade Chandler,2
2023,Aaron Naughton,2
2023,Jacob van Rooyen,2
2023,Cam Rayner,2
2023,Sean Darcy,2
2023,Mitch Duncan,2
2023,Callum Wilkie,2
2023,Riley Thilthorpe,2
2023,Sam Frost,2
2023,Jake Waterman,2
2023,Andrew McGrath,2
2023,Kysaiah Pickett,2
2023,Karl Amon,2
2023,Oliver Henry,2
2023,Adam Cerra,2
2023,Sam Powell-Pepper,2
2023,George Wardlaw,2
2023,Rory Sloane,2
2023,Jye Caldwell,2
2023,Harry McKay,2
2023,Lachie Weller,2
2023,Rory Lobb,1
2023,Will Phillips,1
2023,Jack Ginnivan,1
2023,Will Hayward,1
2023,Jarrod Berry,1
2023,Hayden McLean,1
2023,Bailey Williams,1
2023,Luke Breust,1
2023,Tom Atkins,1
2023,Jack Martin,1
2023,Sam Flanders,1
2023,John Noble,1
2023,Eric Hipwood,1
2023,Gary Rohan,1
2023,Christian Salem,1
2023,Mitch Lewis,1
2023,Todd Marshall,1
2023,Mason Redman,1
2023,Connor Idun,1
2023,Dylan Moore,1
2023,Josh Weddle,1
2023,Jaeger OMeara,1
2023,Brodie Smith,1
2023,Nathan Broad,1
2023,Max Holmes,1
2023,Jake Soligo,1
2023,Jacob Hopper,1
2023,Mattaes Phillipou,1
2023,Daniel Rich,1
2023,Sam Switkowski,1
2023,Mason Wood,1
2023,Nathan Murphy,1
2023,Logan McDonald,1
2023,Jordan Ridley,1
2023,Ben Brown,1
2023,Dane Rampe,1
2017,Dustin Martin,36
2017,Patrick Dangerfield,33
2017,Tom Mitchell,25
2017,Josh Kennedy,13
2017,Lance Franklin,22
2017,Josh Kelly,21
2017,Rory Sloane,20
2017,Marcus Bontempelli,19
2017,Ollie Wines,18
2017,Dayne Beams,17
2017,Luke Parker,16
2017,Scott Pendlebury,15
2017,Nat Fyfe,15
2017,Zach Merrett,15
2017,Brad Ebert,15
2017,Lachie Neale,14
2017,Dayne Zorko,14
2017,Gary Ablett,14
2017,Dyson Heppell,14
2017,Ben Brown,14
2017,Sebastian Ross,14
2017,Steele Sidebottom,14
2017,Taylor Adams,14
2017,Joel Selwood,13
2017,Robbie Gray,12
2017,Clayton Oliver,12
2017,Jack Steven,11
2017,Jack Billings,11
2017,Bryce Gibbs,11
2017,Adam Treloar,11
2017,Matt Crouch,11
2017,David Zaharakis,11
2017,Dylan Shiel,11
2017,Callan Ward,11
2017,Ben Cunnington,11
2017,Mitch Duncan,11
2017,Luke Shuey,10
2017,Michael Walters,10
2017,Sam Jacobs,10
2017,Travis Boak,10
2017,Rory Atkins,10
2017,Aaron Hall,10
2017,Jack Viney,9
2017,Andrew Gaff,9
2017,Tom McDonald,9
2017,Rory Laird,9
2017,Joe Daniher,9
2017,Shaun Higgins,9
2017,Marc Murphy,9
2017,Toby Greene,8
2017,Kade Simpson,8
2017,Charlie Dixon,8
2017,Jack Macrae,8
2017,Trent Cotchin,8
2017,Alex Rance,8
2017,Michael Hibberd,7
2017,Shannon Hurn,7
2017,Shaun Grigg,7
2017,Orazio Fantasia,7
2017,Nathan Jones,7
2017,Jason Johannisen,7
2017,Taylor Walker,7
2017,Tom Lynch,4
2017,Sam Mitchell,7
2017,Jarryd Roughead,6
2017,Jarryd Lyons,6
2017,Sam Menegola,6
2017,Jack Gunston,6
2017,Jack Riewoldt,6
2017,Luke Dahlhaus,6
2017,Dan Hannebery,6
2017,Paddy Ryder,6
2017,Zac Williams,6
2017,Jonathon Patton,6
2017,Stefan Martin,6
2017,Jordan de Goey,5
2017,Liam Jones,5
2017,Shaun Burgoyne,5
2017,Patrick Cripps,5
2017,Ben McEvoy,5
2017,Eddie Betts,5
2017,Matthew Kreuzer,5
2017,Lachie Whitfield,5
2017,Sam Docherty,5
2017,Dylan Roberton,5
2017,David Mundy,5
2017,Dion Prestia,5
2017,Liam Shiels,5
2017,Jeremy Cameron,5
2017,Connor Blakely,5
2017,Cameron Pedersen,4
2017,Chad Wingard,4
2017,Michael Hurley,4
2017,Cale Hooker,4
2017,Isaac Heeney,4
2017,Elliot Yeo,4
2017,Nick Riewoldt,4
2017,Will Hoskin-Elliott,4
2017,James Kelly,4
2017,Jared Polec,4
2017,Harry Taylor,4
2017,Bradley Hill,4
2017,Daniel Rich,4
2017,Sam Gray,3
2017,Jesse Hogan,3
2017,Josh Caddy,3
2017,Jack Steele,3
2017,Daniel Wells,3
2017,Tom Hawkins,3
2017,Callum Sinclair,3
2017,Liam Picken,3
2017,Gary Rohan,3
2017,Ricky Henderson,3
2017,Jake Stringer,3
2017,Sam Petrevski-Seton,3
2017,Jarrad Waite,3
2017,Steven Motlop,3
2017,Christian Salem,3
2017,Stephen Coniglio,3
2017,Brad Crouch,3
2017,Matt Priddis,3
2017,Ben Reid,3
2017,Jeremy McGovern,3
2017,Tom Scully,3
2017,Brandon Matera,3
2017,Leigh Montagna,3
2017,Dom Tyson,3
2017,Sam Reid,3
2017,Max Gawn,3
2017,Tom Bellchambers,2
2017,Isaac Smith,2
2017,Tom Rockliff,2
2017,Luke Ryan,2
2017,Jordan Murdoch,2
2017,Lachie Hunter,2
2017,Liam Duggan,2
2017,Tim Membrey,2
2017,Josh Jenkins,2
2017,Eric Hipwood,2
2017,Kane Lambert,2
2017,Jack Darling,2
2017,Jarrod Harbrow,2
2017,Jake Lloyd,2
2017,Christian Petracca,2
2017,Steven May,2
2017,Pearce Hanley,2
2017,Jeff Garlett,2
2017,Zak Jones,2
2017,Michael Barlow,2
2017,Jordan Lewis,2
2017,Toby Nankervis,2
2017,Shane Mumford,2
2017,Dane Rampe,2
2017,Heath Grundy,2
2017,Dom Sheed,2
2017,Jack Newnes,2
2017,Ryan Burton,2
2017,Zach Tuohy,2
2017,Brodie Grundy,2
2017,Darcy Byrne-Jones,1
2017,Jamie Elliott,1
2017,Jaeger OMeara,1
2017,Luke Dunstan,1
2017,Jacob Townsend,1
2017,Brodie Smith,1
2017,James Sicily,1
2017,Jack Ziebell,1
2017,Shane Biggs,1
2017,Zac Smith,1
2017,Jake Carlisle,1
2017,Ryan Lester,1
2017,Jake Lever,1
2017,Mark Blicavs,1
2017,Oscar McDonald,1
2017,Sam Gibson,1
2017,Conor McKenna,1
2017,Lewis Taylor,1
2017,Bachar Houli,1
2017,Scott Selwood,1
2017,Brandon Ellis,1
2017,Andy Otten,1
2017,Tom Jonas,1
2017,Jarrod Witts,1
2017,Mason Wood,1
2017,Jasper Pittard,1
2017,Matthew Wright,1
2017,Caleb Daniel,1
2017,Aaron Sandilands,1
2017,Toby McLean,1
2017,Jamie Cripps,1
2017,Sam Rowe,1
2017,Stephen Hill,1
2017,Jack Watts,1
2017,Sam Powell-Pepper,1
2017,Richard Douglas,1
2017,Adam Saad,1
